"171","Электросталь","55.787","38.4356","3","RU","E423","2","","1"
"170","Электрогорск","55.8833","38.7833","3","RU","E423","3","","1"
"166","Шаховская","56.0328","35.5086","3","RU","S122","2","","2"
"164","Шатура","55.5667","39.5333","3","RU","S360","3","","1"
"162","Чехов","55.1424","37.461","3","RU","C100","3","","1"
"160","Черноголовка","56.013","38.3885","3","RU","C652","4","","1"
"154","Фрязино","55.9569","38.0579","3","RU","F622","3","","1"
"139","Ступино","54.8869","38.0772","3","RU","S315","2","","1"
"134","Солнечногорск","56.1844","36.995","3","RU","S452","2","","1"
"131","Сергиев Посад","56.3107","38.133","3","RU","S621","2","","1"
"120","Пущино","54.8414","37.6381","3","RU","P250","3","","1"
"116","Привокзальный","55.9921","35.9414","3","RU","P612","2","","4"
"109","Павловский Посад","55.7807","38.6574","3","RU","P141","3","","1"
"108","Орехово-Зуево","55.8071","38.9895","3","RU","O612","2","","1"
"105","Озеры","54.85","38.55","3","RU","O260","3","","1"
"103","Одинцово","55.6717","37.2811","3","RU","O352","2","","1"
"101","Ногинск","55.8559","38.4515","3","RU","N252","2","","1"
"95","Наро-Фоминск","55.3833","36.7333","3","RU","N615","2","","1"
"91","Можайск","55.5048","36.0336","3","RU","M220","2","","1"
"87","Люберцы","55.6839","37.8811","3","RU","L216","2","","1"
"84","Луховицы","54.9667","39.025","3","RU","L120","4","","1"
"82","Лотошино","56.23","35.6367","3","RU","L325","2","","2"
"71","Краснознаменск","55.6","37.0333","3","RU","K625","3","","1"
"70","Краснозаводск","56.4381","38.2294","3","RU","K625","4","","1"
"68","Красноармейск","56.1067","38.1329","3","RU","K625","3","","1"
"66","Котельники","55.6638","37.8585","3","RU","K345","3","","1"
"63","Колюбакино","55.6667","36.5417","3","RU","K421","4","","1"
"62","Коломна","55.0946","38.7758","3","RU","K450","2","","1"
"58","Клин","56.3317","36.7216","3","RU","K450","2","","1"
"57","Климовск","55.3636","37.5262","3","RU","K451","2","","1"
"55","Кашира","54.8434","38.183","3","RU","K260","4","","1"
"51","Ивантеевка","55.9869","37.9695","3","RU","I153","3","","1"
"48","Зарайск","54.7606","38.8829","3","RU","Z620","3","","1"
"44","Жуковский","55.5933","38.1196","3","RU","Z212","2","","1"
"43","Жуковка","53.5333","33.7333","3","RU","Z212","2","","1"
"41","Железнодорожный","55.7474","38.0069","3","RU","Z425","2","","1"
"39","Дубна","56.7552","37.1397","3","RU","D150","3","","1"
"37","Дрезна","55.75","38.8333","3","RU","D625","4","","1"
"34","Реутов","55.7605","37.8551","3","RU","R310","3","","1"
"33","Дмитров","56.3625","37.5411","3","RU","D536","4","","1"
"29","Голицыно","55.6095","36.984","3","RU","G425","3","","1"
"28","Высоковск","56.3167","36.55","3","RU","V221","4","","1"
"23","Волоколамск","56.0457","35.944","3","RU","V424","4","","1"
"20","Видное","55.5567","37.7125","3","RU","V350","4","","1"
"19","Верея","55.3333","36.1833","3","RU","V620","4","","1"
"9","Балашиха","55.8204","37.9689","3","RU","B420","2","","1"
"4","Апрелевка","55.5333","37.05","3","RU","A164","3","","1"
"1","Москва","55.7558","37.6176","3","RU","M210","1","MOW","1"
"221","Шлиссельбург","59.95","31.0333","3","RU","S424","4","","1"
"220","Тосно","59.55","30.9","3","RU","T250","3","","1"
"219","Тихвин","59.6382","33.516","3","RU","T150","3","","1"
"218","Сосновый Бор","59.8931","29.095","3","RU","S251","3","","1"
"217","Сланцы","59.1042","28.1368","3","RU","S452","3","","1"
"214","Светогорск","61.1083","28.8583","3","RU","S132","3","","1"
"212","Приозерск","61.0333","30.1167","3","RU","P626","2","","1"
"211","Подпорожье","60.9167","34.1667","3","RU","P316","3","","1"
"206","Луга","58.728","29.8472","3","RU","L200","3","","1"
"205","Ломоносов","59.9167","29.7667","3","RU","L552","3","","1"
"204","Лодейное Поле","60.7333","33.55","3","RU","L325","3","","1"
"202","Кронштадт","60","29.7667","3","RU","K652","3","","1"
"197","Кировск","59.8733","30.9882","3","RU","K612","4","","1"
"196","Кириши","59.4481","32.0285","3","RU","K620","2","","1"
"195","Кингисепп","59.3667","28.6","3","RU","K522","2","","1"
"193","Каменногорск","60.95","29.1333","3","RU","K552","4","","1"
"192","Ивангород","59.375","28.2053","3","RU","I152","4","","1"
"191","Зеленогорск","59.906","31.2737","3","RU","Z452","4","","1"
"187","Гатчина","59.5599","30.1386","3","RU","G325","3","","1"
"185","Вырица","59.4111","30.3472","3","RU","V620","3","","1"
"184","Выборг","60.7037","28.7711","3","RU","V162","3","","1"
"183","Всеволожск","60.0314","30.6396","3","RU","V214","3","","1"
"182","Волхов","59.9253","32.3296","3","RU","V410","3","","1"
"181","Волосово","59.45","29.4833","3","RU","V421","2","","1"
"177","Бокситогорск","59.4667","33.85","3","RU","B232","3","","1"
"175","Санкт-Петербург","59.939","30.3158","3","RU","S523","1","SPE","1"
"223","Майкоп","44.6091","40.1132","3","RU","M210","1","","1"
"222","Адыгейск","44.8833","39.1833","3","RU","A322","2","","1"
"264","Славгород","53","78.65","7","RU","S412","3","","1"
"263","Рубцовск","51.5167","81.2","7","RU","R121","4","","1"
"246","Змеиногорск","51.1667","82.1667","7","RU","Z552","4","","1"
"244","Заринск","53.7","84.9167","7","RU","Z652","3","","1"
"241","Горняк","51","81.4667","7","RU","G652","2","","1"
"233","Бийск","52.5167","85.1667","7","RU","B200","2","","1"
"231","Белокуриха","52","84.9833","7","RU","B426","4","","1"
"229","Барнаул","53.3563","83.7617","7","RU","B654","1","","1"
"226","Алейск","52.5","82.7833","7","RU","A420","3","","1"
"312","Шимановск","52","127.667","9","RU","S551","3","","1"
"308","Сковородино","53.9833","123.933","9","RU","S163","4","","1"
"305","Ромны","50.7428","33.4879","9","RU","R500","0","","1"
"304","Райчихинск","49.8","129.4","9","RU","R252","3","","1"
"296","Завитинск","50.1167","129.433","9","RU","Z135","2","","1"
"291","Благовещенск","50.2749","127.534","9","RU","B421","1","","1"
"290","Белогорск","50.9167","128.483","9","RU","B426","3","","1"
"289","Архара","49.4256","130.078","9","RU","A660","2","","2"
"345","Шенкурск","62.1","42.9","3","RU","S526","4","","1"
"343","Сольвычегодск","61.3333","46.9167","3","RU","S412","4","","1"
"342","Северодвинск","64.5669","39.8468","3","RU","S163","2","","1"
"338","Онега","63.9167","38.0833","3","RU","O520","3","","1"
"337","Няндома","61.6667","40.2","3","RU","N253","3","","1"
"336","Новодвинск","64.4167","40.8167","3","RU","N131","3","","1"
"335","Нарьян-Мар","67.6378","53.0067","3","RU","N625","1","","1"
"334","Мирный","62.7589","40.3394","3","RU","M652","3","","1"
"333","Мезень","65.85","44.2333","3","RU","M250","4","","1"
"330","Котлас","61.25","46.65","3","RU","K342","3","","1"
"329","Коряжма","61.3","47.1667","3","RU","K622","3","","1"
"325","Каргополь","61.5","38.9333","3","RU","K621","4","","1"
"316","Архангельск","64.5369","40.5656","3","RU","A652","1","","1"
"358","Харабали","47.4","47.25","4","RU","H614","4","","1"
"353","Камызяк","46.1167","48.0833","4","RU","K522","2","","1"
"1554707","Наволоки","57.4685","41.9644","3","RU","N142","0","","1"
"348","Ахтубинск","48.2833","46.1667","4","RU","A315","3","","1"
"347","Астрахань","46.3549","48.0527","4","RU","A236","1","","1"
"420","Янаул","56.2667","54.9333","5","RU","J540","2","","1"
"415","Учалы","54.3167","59.3833","5","RU","U240","3","","1"
"414","Уфа","54.7355","55.992","5","RU","U100","1","","1"
"413","Туймазы","54.6017","53.7255","5","RU","T252","3","","1"
"412","Стерлитамак","53.6333","55.95","5","RU","S364","2","","1"
"408","Сибай","52.7","58.65","5","RU","S120","4","","1"
"407","Салават","53.3667","55.9333","5","RU","S413","2","","1"
"404","Октябрьский","54.4833","53.4833","5","RU","O232","2","","1"
"403","Нефтекамск","56.0833","54.25","5","RU","N132","2","","1"
"400","Мелеуз","52.95","55.9333","5","RU","M420","3","","1"
"399","Межгорье","54.05","57.8167","5","RU","M226","3","","1"
"388","Ишимбай","53.45","56.0333","5","RU","I251","3","","1"
"385","Иглино","54.8385","56.4232","5","RU","I245","2","","3"
"380","Дюртюли","55.4833","54.8667","5","RU","D263","3","","1"
"378","Давлеканово","54.2167","55.0333","5","RU","D142","2","","1"
"373","Бураево","55.8425","55.4056","5","RU","B610","2","","3"
"371","Благовещенск","55.0333","55.9833","5","RU","B421","2","","1"
"370","Бирск","55.4175","55.5452","5","RU","B620","3","","1"
"368","Белорецк","53.9667","58.4","5","RU","B462","2","","1"
"367","Белебей","54.1","54.1333","5","RU","B412","3","","1"
"365","Баймак","52.5833","58.3167","5","RU","B252","3","","1"
"435","Старый Оскол","51.3049","37.8569","3","RU","S362","2","","1"
"432","Новый Оскол","50.7615","37.8695","3","RU","N122","3","","1"
"430","Короча","50.8167","37.2","3","RU","K620","4","","1"
"427","Грайворон","50.4833","35.6667","3","RU","G621","2","","1"
"426","Волоконовка","50.4819","37.8625","3","RU","V425","0","","1"
"422","Белгород","50.5966","36.6092","3","RU","B426","1","","1"
"421","Алексеевка","50.6342","38.7142","3","RU","A421","2","","1"
"475","Унеча","52.85","32.6833","3","RU","U520","2","","1"
"474","Трубчевск","52.5833","33.7667","3","RU","T612","3","","1"
"473","Сураж","53.0167","32.4","3","RU","S620","4","","1"
"471","Стародуб","52.5833","32.7667","3","RU","S363","2","","1"
"470","Севск","52.15","34.4939","3","RU","S120","4","","1"
"467","Почеп","52.9333","33.45","3","RU","P210","2","","1"
"465","Новозыбков","52.5333","31.9333","3","RU","N121","3","","1"
"463","Мглин","53.0611","32.8483","3","RU","M245","4","","1"
"458","Клинцы","52.7528","32.2361","3","RU","K452","3","","1"
"455","Карачев","53.1167","34.9833","3","RU","K621","3","","1"
"453","Злынка","52.4333","31.7333","3","RU","Z452","4","","1"
"450","Дятьково","53.6","34.3333","3","RU","D232","3","","1"
"443","Брянск","53.3107","34.3004","3","RU","B625","1","","1"
"505","Улан-Удэ","51.8408","107.608","8","RU","U453","1","","1"
"493","Кяхта","50.35","106.45","8","RU","K300","4","","1"
"485","Закаменск","50.3833","103.283","8","RU","Z255","4","","1"
"539","Юрьев-Польский","56.5","39.6833","3","RU","J614","2","","1"
"538","Суздаль","56.4211","40.4489","3","RU","S234","2","","1"
"537","Судогда","55.95","40.8667","3","RU","S323","4","","1"
"534","Покров","55.9165","39.1673","3","RU","P261","3","","1"
"532","Муром","55.5743","42.0515","3","RU","M650","4","","1"
"531","Меленки","55.3333","41.6333","3","RU","M452","3","","1"
"530","Лакинск","56.0169","39.9494","3","RU","L252","3","","1"
"527","Ковров","56.3867","41.3109","3","RU","K161","2","","1"
"526","Киржач","56.15","38.8667","3","RU","K622","2","","1"
"524","Камешково","56.3492","40.9978","3","RU","K522","4","","1"
"520","Гусь Хрустальный","55.6177","40.6461","3","RU","G262","3","","1"
"518","Гороховец","56.2028","42.6925","3","RU","G612","4","","1"
"516","Вязники","56.2433","42.1292","3","RU","V225","2","","1"
"512","Боголюбово","56.1947","40.5308","3","RU","B242","2","","2"
"507","Александров","56.3978","38.7276","3","RU","A425","3","","1"
"573","Фролово","49.7667","43.65","3","RU","F641","3","","1"
"572","Урюпинск","50.8","42.0167","3","RU","U621","3","","1"
"571","Суровикино","48.6","42.85","3","RU","S612","3","","1"
"564","Палласовка","50.05","46.8833","3","RU","P421","3","","1"
"561","Новоаннинский","50.5167","42.6667","3","RU","N155","3","","1"
"558","Михайловка","50.0667","43.2333","3","RU","M241","2","","1"
"555","Котово","50.3167","44.8","3","RU","K310","3","","1"
"554","Котельниково","47.6333","43.1333","3","RU","K345","3","","1"
"551","Камышин","50.0826","45.3927","3","RU","K525","4","","1"
"550","Калач-на-Дону","48.6833","43.5333","3","RU","K425","3","","1"
"548","Жирновск","50.9833","44.7667","3","RU","Z651","3","","1"
"546","Дубовка","49.05","44.8333","3","RU","D112","3","","1"
"544","Волжский","48.7951","44.8007","3","RU","V422","2","","1"
"598","Череповец","59.1298","38.0013","3","RU","C611","1","","1"
"596","Харовск","59.95","40.2","3","RU","H612","2","","1"
"595","Устюжна","58.8333","36.4333","3","RU","U232","4","","1"
"594","Тотьма","59.9833","42.7667","3","RU","T350","2","","1"
"591","Сокол","59.4667","40.1167","3","RU","S240","3","","1"
"589","Никольск","59.5333","45.45","3","RU","N242","2","","1"
"586","Кириллов","59.8667","38.3833","3","RU","K641","2","","1"
"585","Кадуй","59.2","37.15","3","RU","K320","2","","1"
"584","Кадников","59.5","40.3333","3","RU","K352","4","","1"
"583","Грязовец","58.8823","40.2474","3","RU","G622","3","","1"
"582","Вытегра","61","36.45","3","RU","V326","4","","1"
"580","Вологда","59.2152","39.8767","3","RU","V423","1","","1"
"577","Великий Устюг","60.7632","46.3078","3","RU","V422","3","","1"
"576","Белозерск","60.0333","37.7833","3","RU","B426","4","","1"
"575","Бабаево","59.3833","35.95","3","RU","B110","4","","1"
"630","Семилуки","51.6833","39.0333","3","RU","S542","2","","1"
"629","Россошь","50.2","39.5833","3","RU","R220","2","","1"
"625","Поворино","51.2","42.25","3","RU","P165","3","","1"
"621","Острогожск","50.8667","39.0667","3","RU","O236","2","","1"
"619","Новохоперск","51.1","41.6167","3","RU","N116","4","","1"
"618","Нововоронеж","51.3167","39.2167","3","RU","N116","3","","1"
"614","Кантемировка","49.7017","39.8536","3","RU","K535","2","","2"
"613","Калач","50.4258","41.0156","3","RU","K420","3","","1"
"610","Грибановский","51.45","41.9667","3","RU","G615","2","","2"
"609","Воронеж","51.66","39.1974","3","RU","V652","1","","1"
"605","Бутурлиновка","50.825","40.5889","3","RU","B364","3","","1"
"604","Борисоглебск","51.3667","42.0833","3","RU","B622","3","","1"
"603","Богучар","49.9333","40.55","3","RU","B226","4","","1"
"602","Бобров","51.0833","40.0333","3","RU","B161","2","","1"
"673","Хасавюрт","43.25","46.5833","3","RU","H212","2","","1"
"666","Советское","41.7256","48.3244","3","RU","S132","2","","3"
"662","Махачкала","42.9728","47.4936","3","RU","M224","1","","1"
"656","Кизляр","43.8447","46.7187","3","RU","K242","2","","1"
"655","Кизилюрт","43.2","46.8667","3","RU","K242","2","","1"
"653","Каспийск","42.8828","47.6382","3","RU","K212","3","","1"
"651","Карабудахкент","42.7","47.55","3","RU","K613","2","","3"
"650","Избербаш","42.5667","47.8667","3","RU","I216","3","","1"
"647","Дербент","42.0692","48.2958","3","RU","D615","2","","1"
"646","Дагестанские Огни","42.1167","48.2","3","RU","D223","3","","1"
"678","Биробиджан","48.8007","132.899","10","RU","B613","1","","1"
"706","Юрьевец","57.3167","43.1","3","RU","J612","4","","1"
"705","Южа","56.5833","42.0167","3","RU","J200","4","","1"
"704","Шуя","56.85","41.3667","3","RU","S200","3","","1"
"702","Тейково","56.85","40.55","3","RU","T210","3","","1"
"698","Пучеж","56.9833","43.1667","3","RU","P220","4","","1"
"697","Приволжск","57.3833","41.2833","3","RU","P614","3","","1"
"696","Пестяки","56.7125","42.6739","3","RU","P232","2","","2"
"691","Кинешма","57.4497","42.1321","3","RU","K525","3","","1"
"688","Иваньковский","56.675","40.11","3","RU","I152","2","","3"
"687","Иваново","56.9924","40.9678","3","RU","I151","1","","1"
"685","Заволжск","57.4833","42.1333","3","RU","Z142","4","","1"
"682","Гаврилов Посад","56.5667","40.1167","3","RU","G164","4","","1"
"681","Вичуга","57.2","41.9167","3","RU","V220","3","","1"
"756","Шелехов","52.2059","104.099","8","RU","S410","3","","1"
"752","Усть-Ордынский","52.8167","104.733","8","RU","U236","2","","2"
"751","Усть-Кут","56.8","105.833","8","RU","U232","3","","1"
"750","Усть-Илимск","58","102.667","8","RU","U234","4","","1"
"749","Усолье-Сибирское","52.75","103.65","8","RU","U242","3","","1"
"746","Слюдянка","51.6667","103.7","8","RU","S423","2","","1"
"745","Саянск","54.1167","102.167","8","RU","S252","3","","1"
"744","Оса","53.3889","103.874","8","RU","O200","4","","1"
"743","Нижнеудинск","54.9063","99.0254","8","RU","N253","3","","1"
"738","Киренск","57.7833","108.1","8","RU","K652","4","","1"
"734","Иркутск","52.2753","104.309","8","RU","I623","1","","1"
"733","Зима","53.9167","102.05","8","RU","Z500","2","","1"
"728","Железногорск-Илимский","56.5833","104.117","8","RU","Z425","3","","1"
"725","Вихоревка","56.1107","101.18","8","RU","V612","3","","1"
"722","Братск","56.1697","101.592","8","RU","B632","4","","1"
"717","Бирюсинск","55.95","97.8167","8","RU","B622","4","","1"
"714","Байкальск","51.5172","104.156","8","RU","B242","3","","1"
"711","Артемовский","57.3667","61.8667","5","RU","A635","3","","1"
"710","Ангарск","52.5417","103.92","8","RU","A526","4","","1"
"708","Алзамай","55.55","98.6667","8","RU","A425","4","","1"
"764","Тырныауз","43.4","42.9167","3","RU","T652","4","","1"
"761","Прохладный","43.75","44.0333","3","RU","P643","2","","1"
"760","Нарткала","43.55","43.85","3","RU","N632","3","","1"
"759","Нальчик","43.4869","43.603","3","RU","N422","1","","1"
"758","Майский","43.6333","44.0667","3","RU","M220","2","","0"
"757","Баксан","43.6833","43.5333","3","RU","B250","2","","1"
"786","Черняховск","54.6369","21.8079","2","RU","C652","3","","1"
"784","Славск","55.05","21.6667","2","RU","S412","2","","1"
"783","Светлый","54.6833","20.1333","2","RU","S134","3","","1"
"781","Правдинск","54.45","21.0167","2","RU","P613","4","","1"
"780","Полесск","54.8667","21.1","2","RU","P420","4","","1"
"777","Неман","55.0333","22.0333","2","RU","N550","4","","1"
"776","Мамоново","54.4667","19.9333","2","RU","M551","4","","1"
"775","Краснознаменск","54.9422","22.4897","2","RU","K625","4","","1"
"774","Калининград","54.7116","20.51","2","RU","K455","1","","1"
"772","Зеленоградск","54.95","20.4833","2","RU","Z452","2","","1"
"769","Гурьевск","54.7667","20.6","2","RU","G612","4","","1"
"768","Гвардейск","54.65","21.0667","2","RU","G163","4","","1"
"767","Балтийск","54.65","19.9167","2","RU","B432","3","","1"
"766","Багратионовск","54.3833","20.6333","2","RU","B263","2","","1"
"796","Элиста","46.313","44.2535","3","RU","E423","1","","1"
"831","Юхнов","54.75","35.2333","3","RU","J510","2","","1"
"827","Таруса","54.7167","37.1833","3","RU","T620","4","","1"
"826","Сухиничи","54.1","35.35","3","RU","S520","3","","1"
"825","Спас-Деменск","54.4167","34.0333","3","RU","S123","4","","1"
"823","Обнинск","55.1001","36.6241","3","RU","O155","2","","1"
"822","Мосальск","54.4833","34.9833","3","RU","M242","4","","1"
"821","Мещовск","54.3167","35.2833","3","RU","M212","4","","1"
"820","Медынь","54.9667","35.8667","3","RU","M350","4","","1"
"819","Малоярославец","55.0092","36.4761","3","RU","M426","3","","1"
"818","Людиново","53.8667","34.4667","3","RU","L235","3","","1"
"817","Кремёнки","54.8892","37.1233","3","RU","K655","2","","1"
"816","Кондрово","54.8","35.9333","3","RU","K536","3","","1"
"815","Козельск","54.0333","35.7833","3","RU","K242","3","","1"
"813","Калуга","54.5147","36.2714","3","RU","K420","1","","1"
"812","Износки","54.9889","35.3167","3","RU","I252","2","","3"
"805","Боровск","55.2021","36.4794","3","RU","B612","4","","1"
"803","Белоусово","55.0917","36.6667","3","RU","B421","4","","1"
"801","Балабаново","55.1766","36.6493","3","RU","B415","3","","1"
"800","Бабынино","54.3853","35.7494","3","RU","B155","2","","2"
"853","Усть-Камчатск","56.2333","162.533","12","RU","U232","2","","2"
"852","Усть-Большерецк","52.8239","156.279","12","RU","U231","2","","3"
"849","Петропавловск-Камчатский","53.0616","158.622","12","RU","P361","1","","1"
"846","Палана","59.0842","159.95","12","RU","P450","2","","2"
"880","Софпорог","65.7984","31.4209","3","RU","S162","2","","2"
"879","Сортавала","61.7","30.6667","3","RU","S631","2","","1"
"878","Сегежа","63.7333","34.3167","3","RU","S220","2","","4"
"875","Повенец","62.85","34.8167","3","RU","P152","2","","2"
"873","Петрозаводск","61.7822","34.3621","3","RU","P362","1","","1"
"872","Олонец","60.9833","32.9667","3","RU","O452","2","","1"
"870","Медвежьегорск","62.9115","34.4346","3","RU","M312","3","","1"
"866","Кондопога","62.2","34.2667","3","RU","K531","2","","1"
"857","Вирандозеро","64.0126","36.0063","3","RU","V653","2","","2"
"910","Юрга","55.7333","84.9","7","RU","J620","4","","1"
"903","Прокопьевск","53.881","86.7275","7","RU","P621","2","","0"
"901","Новокузнецк","53.7407","87.1135","7","RU","N122","2","","1"
"899","Междуреченск","53.7216","88.0688","7","RU","M236","2","","1"
"898","Мариинск","56.2167","87.75","7","RU","M652","3","","1"
"897","Ленинск-Кузнецкий","54.65","86.1667","7","RU","L552","2","","1"
"895","Киселевск","54.0152","86.6406","7","RU","K241","2","","0"
"894","Кемерово","55.3712","86.0524","7","RU","K561","1","","1"
"884","Барзас","55.7314","86.3142","7","RU","B622","4","","1"
"954","Яранск","57.3033","47.8688","3","RU","J652","2","","1"
"950","Уржум","57.1167","50","3","RU","U625","2","","1"
"935","Нема","57.5068","50.5077","3","RU","N500","2","","2"
"931","Луза","60.6239","47.2661","3","RU","L200","2","","1"
"925","Кирово-Чепецк","58.55","50.0167","3","RU","K612","3","","1"
"924","Киров","58.5961","49.6627","3","RU","K610","1","","1"
"919","Вятские Поляны","56.2215","51.0727","3","RU","V232","2","","1"
"915","Белая Холуница","58.8333","50.85","3","RU","B424","4","","1"
"983","Усинск","66.0093","57.5474","3","RU","U252","2","","1"
"981","Сыктывкар","61.6819","50.8128","3","RU","S231","1","","1"
"978","Объячево","60.3386","49.6092","3","RU","O122","2","","3"
"967","Заполярный","69.4167","30.8","3","RU","Z142","3","","1"
"966","Емва","62.5833","50.85","3","RU","E510","4","","1"
"1011","Шарья","58.3667","45.5","3","RU","S620","3","","1"
"1007","Солигалич","59.0833","42.2833","3","RU","S424","4","","1"
"1003","Островское","57.8043","42.2411","3","RU","O236","2","","2"
"1002","Нея","58.4044","46.5281","3","RU","N200","2","","1"
"1001","Нерехта","57.4533","40.5798","3","RU","N630","3","","1"
"1000","Мантурово","58.3333","44.7667","3","RU","M536","3","","1"
"997","Кострома","57.7807","40.9367","3","RU","K236","1","","1"
"992","Галич","58.3833","42.35","3","RU","G420","3","","1"
"991","Волгореченск","57.4333","41.1667","3","RU","V426","3","","1"
"1067","Усть-Лабинск","45.2167","39.6667","3","RU","U234","2","","1"
"1065","Туапсе","44.1035","39.0747","3","RU","T120","2","","1"
"1064","Тихорецк","45.8532","40.1283","3","RU","T620","2","","1"
"1063","Тимашевск","45.6167","38.9333","3","RU","T521","2","","1"
"1062","Темрюк","45.2667","37.3833","3","RU","T562","2","","1"
"1061","Тбилисская","45.35","40.2167","3","RU","T142","2","","5"
"1060","Старощербиновская","46.6306","38.6667","3","RU","S362","2","","5"
"1059","Староминская","46.5333","39.05","3","RU","S365","2","","5"
"1057","Славянск-на-Кубани","45.2444","38.1236","3","RU","S412","2","","1"
"1055","Приморско-Ахтарск","46.05","38.1833","3","RU","P656","3","","1"
"1054","Павловская","46.1333","39.7667","3","RU","P141","2","","0"
"1051","Мостовской","44.4","40.7667","3","RU","M231","2","","2"
"1047","Лабинск","44.6333","40.7333","3","RU","L152","2","","1"
"1045","Курганинск","44.8833","40.6","3","RU","K625","2","","1"
"1044","Крымск","44.9333","38","3","RU","K652","2","","1"
"1043","Крыловская","46.3178","39.9665","3","RU","K641","2","","5"
"1039","Кореновск","45.4667","39.45","3","RU","K651","2","","1"
"1038","Каневская","46.0794","38.9693","3","RU","K512","2","","5"
"1037","Каменномостский","44.2833","40.1833","3","RU","K555","2","","2"
"1036","Калининская","45.4667","38.6667","3","RU","K455","2","","0"
"1035","Калинино","45.0833","39","3","RU","K455","4","","1"
"1025","Выселки","45.5783","39.6581","3","RU","V242","2","","0"
"1023","Белореченск","44.7667","39.8667","3","RU","B462","2","","1"
"1020","Афипский","44.9","38.8333","3","RU","A112","2","","2"
"1018","Армавир","44.9964","41.1206","3","RU","A651","2","","0"
"1017","Апшеронск","44.4608","39.7406","3","RU","A126","2","","1"
"1016","Анапа","44.895","37.331","3","RU","A510","2","","1"
"1015","Сочи","43.4472","39.9145","3","RU","","1","","1"
"1013","Абинск","44.8667","38.1667","3","RU","A152","2","","1"
"1138","Черногорск","53.8167","91.2833","7","RU","C652","2","","1"
"1136","Хатанга","71.9833","102.5","7","RU","H352","2","","3"
"1135","Уяр","55.8167","94.3167","7","RU","U260","2","","1"
"1133","Ужур","55.3167","89.8167","7","RU","U260","3","","1"
"1127","Сосновоборск","56.1333","93.3667","7","RU","S251","2","","1"
"1123","Норильск","69.3304","88.2205","7","RU","N642","2","","1"
"1115","Красноярск","56.0013","92.8856","7","RU","K625","1","","1"
"1107","Канск","56.2","95.7","7","RU","K520","2","","1"
"1100","Заозерный","55.9667","94.7","7","RU","Z265","4","","1"
"1099","Железногорск","56.25","93.5333","7","RU","Z425","3","","1"
"1073","Артемовск","54.35","93.4333","7","RU","A635","3","","1"
"1162","Щучье","55.2167","62.7667","5","RU","S200","2","","1"
"1161","Шумиха","55.2333","63.2833","5","RU","S500","3","","1"
"1160","Шатрово","56.5222","64.6333","5","RU","S361","2","","4"
"1158","Целинное","54.5009","63.6693","5","RU","C450","2","","3"
"1150","Куртамыш","54.9","64.4333","5","RU","K635","2","","1"
"1149","Курган","55.4537","65.3423","5","RU","K625","1","","1"
"1183","Пристень","51.2339","36.6981","3","RU","P623","2","","2"
"1182","Поныри","52.3167","36.3","3","RU","P560","2","","2"
"1178","Льгов","51.6667","35.2667","3","RU","L210","4","","1"
"1175","Курск","51.7403","36.1849","3","RU","K620","1","","1"
"1171","Золотухино","52.083","36.3757","3","RU","Z435","2","","2"
"1170","Железногорск","52.3257","35.3694","3","RU","Z425","3","","1"
"1169","Дмитриев","52.1289","35.0756","3","RU","D536","2","","1"
"1202","Липецк","52.6059","39.5877","3","RU","L120","1","","1"
"1201","Лев Толстой","53.2103","39.4553","3","RU","L134","2","","2"
"1196","Елец","52.622","38.5053","3","RU","E420","4","","1"
"1223","Певек","69.7","170.317","12","RU","P120","4","","1"
"1217","Магадан","59.5563","150.813","11","RU","M235","1","","1"
"1211","Билибино","68.05","166.45","12","RU","B415","4","","1"
"1207","Анадырь","64.7333","177.517","12","RU","A536","1","","1"
"1246","Сернур","56.9342","49.1472","3","RU","S656","2","","2"
"1238","Козьмодемьянск","56.3333","46.5667","3","RU","K253","3","","1"
"1236","Йошкар-Ола","56.6375","47.8915","3","RU","J226","1","","1"
"1267","Саранск","54.1814","45.1757","3","RU","S652","1","","1"
"1263","Краснослободск","54.4333","43.8","3","RU","K625","4","","1"
"1257","Инсар","53.8667","44.3667","3","RU","I526","2","","1"
"1299","Снежногорск","69.1942","33.2331","3","RU","S525","4","","1"
"1296","Полярный","69.1983","33.4561","3","RU","P426","3","","1"
"1295","Полярные Зори","67.3658","32.4981","3","RU","P426","4","","1"
"1291","Мурманск","68.9532","33.1071","3","RU","M655","1","MUR","1"
"1285","Кировск","67.6142","33.6717","3","RU","K612","3","","1"
"1277","Гаджиево","69.2553","33.3167","3","RU","G321","4","","1"
"1361","Тонкино","57.3719","46.4597","3","RU","T525","2","","2"
"1356","Семенов","56.7894","44.4906","3","RU","S551","2","","1"
"1351","Первомайск","54.8667","43.8","3","RU","P615","2","","1"
"1348","Нижний Новгород","56.3299","44.0092","3","RU","N252","1","","1"
"1343","Кстово","56.1516","44.1956","3","RU","K310","2","","1"
"1337","Заволжье","56.6425","43.3928","3","RU","Z142","3","","1"
"1331","Горбатовка","56.2569","43.7367","3","RU","G613","2","","2"
"1324","Ворсма","55.9833","43.2667","3","RU","V625","4","","1"
"1323","Воротынец","56.05","45.85","3","RU","V635","4","","1"
"1311","Бор","56.3603","44.0592","3","RU","B600","2","","1"
"1305","Богородск","56.0996","43.5073","3","RU","B263","2","","1"
"1304","Балахна","56.5017","43.5634","3","RU","B450","2","","1"
"1302","Арзамас","55.4032","43.8361","3","RU","A625","2","","1"
"1392","Чудово","59.1281","31.6592","3","RU","C310","2","","1"
"1386","Пестово","58.6","35.8167","3","RU","P231","2","","1"
"1384","Окуловка","58.3833","33.3","3","RU","O241","2","","1"
"1378","Крестцы","58.2547","32.5114","3","RU","K623","2","","2"
"1374","Великий Новгород","58.545","31.2691","3","RU","V422","1","","1"
"1425","Чулым","55.1","80.9667","7","RU","C450","2","","1"
"1419","Тогучин","55.2333","84.3833","7","RU","T225","2","","1"
"1414","Новосибирск","55.0392","82.9278","7","RU","N121","1","","1"
"1413","Мошково","55.3069","83.6214","7","RU","M221","2","","2"
"1412","Михайловский","55.0739","83.4586","7","RU","M241","2","","2"
"1401","Завьялово","54.5","82.45","7","RU","Z124","2","","3"
"1453","Тюкалинск","55.8667","72.2","6","RU","T224","4","","1"
"1444","Омск","54.9709","73.3938","6","RU","O520","1","","1"
"1439","Называевск","55.5667","71.35","6","RU","N211","4","","1"
"1554710","Сосновка","56.2534","51.2834","3","RU","S251","0","","1"
"1432","Калачинск","55.05","74.5833","6","RU","K425","3","","1"
"1431","Исилькуль","54.9089","71.2606","6","RU","I242","3","","1"
"1495","Ясный","51.0333","59.8667","5","RU","J252","2","","1"
"1480","Оренбург","51.7682","55.1037","5","RU","O651","1","","1"
"1478","Новотроицк","51.2067","58.3281","5","RU","N136","3","","1"
"1474","Матвеевка","53.5094","53.4788","5","RU","M311","2","","3"
"1467","Грачевка","52.92","52.8614","5","RU","G621","2","","3"
"1466","Гай","51.4667","58.45","5","RU","G200","2","","1"
"1513","Покровское","52.6122","36.8681","3","RU","P261","2","","2"
"1509","Мценск","53.2833","36.5667","3","RU","M252","3","","1"
"1501","Залегощь","52.9008","36.8869","3","RU","Z422","2","","2"
"1542","Никольск","53.7167","46.0833","3","RU","N242","3","","1"
"1535","Кузнецк","53.1167","46.6","3","RU","K252","3","","1"
"1532","Каменка","53.1833","44.05","3","RU","K552","3","","1"
"1528","Заречный","53.2","45.1667","3","RU","Z625","1","","1"
"1526","Городище","53.2833","45.7","3","RU","G632","2","","1"
"1595","Юсьва","58.9632","54.9578","5","RU","J210","2","","3"
"1592","Чернушка","56.5025","56.0874","5","RU","C652","3","","1"
"1588","Чайковский","56.7667","54.1167","5","RU","C212","2","","1"
"1586","Усолье","59.4167","56.6833","5","RU","U240","2","","1"
"1583","Соликамск","59.6333","56.7667","5","RU","S425","2","","1"
"1582","Пермь","57.9972","56.2353","5","RU","P650","1","","1"
"1580","Оханск","57.7167","55.3833","5","RU","O520","2","","1"
"1577","Октябрьский","56.5126","57.2051","5","RU","O232","2","","2"
"1576","Нытва","57.9333","55.3333","5","RU","N310","2","","1"
"1574","Лысьва","58.1004","57.8043","5","RU","L210","2","","1"
"1573","Кунгур","57.4333","56.9333","5","RU","K526","3","","1"
"1571","Кудымкар","59.0167","54.6667","5","RU","K352","2","","1"
"1570","Краснокамск","58.0833","55.75","5","RU","K625","2","","1"
"1563","Ильинский","58.5694","55.6942","5","RU","I452","2","","2"
"1558","Гремячинск","58.5667","57.8333","5","RU","G652","2","","1"
"1557","Горнозаводск","58.3833","58.3167","5","RU","G652","4","","1"
"1555","Верещагино","58.0667","54.65","5","RU","V622","2","","1"
"1553","Березники","57.1569","54.6171","5","RU","B625","2","","1"
"1630","Фокино","42.9667","132.4","10","RU","F250","3","","1"
"1629","Уссурийск","43.8","131.95","10","RU","U262","2","","1"
"1627","Спасск-Дальний","44.6","132.817","10","RU","S123","3","","1"
"1620","Партизанск","43.1333","133.133","10","RU","P632","3","","1"
"1619","Ольга","43.7453","135.293","10","RU","O420","2","","2"
"1617","Находка","42.7817","132.859","10","RU","N320","2","","1"
"1614","Лесозаводск","45.4667","133.4","10","RU","L221","3","","1"
"1612","Кировский","45.0833","133.5","10","RU","K612","2","","2"
"1602","Владивосток","43.1307","131.924","10","RU","V431","1","","1"
"1600","Большой Камень","43.111","132.347","10","RU","B422","3","","1"
"1598","Артем","43.3557","132.187","10","RU","A635","4","","1"
"1597","Арсеньев","44.1618","133.286","10","RU","A625","3","","1"
"1660","Себеж","56.2833","28.4833","3","RU","S120","2","","1"
"1658","Пушкинские Горы","57.0212","28.9111","3","RU","P225","2","","2"
"1657","Пустошка","56.3333","29.3667","3","RU","P232","2","","1"
"1656","Псков","57.8244","28.3305","3","RU","P210","1","","1"
"1651","Остров","57.3333","28.35","3","RU","O236","2","","1"
"1638","Великие Луки","56.3468","30.539","3","RU","V424","3","","1"
"1722","Шахты","47.7122","40.2084","3","RU","S300","2","","1"
"1721","Чертково","49.3906","40.1421","3","RU","C632","2","","0"
"1720","Чалтырь","47.2833","39.5","3","RU","C436","2","","3"
"1718","Целина","46.5333","41.0333","3","RU","C450","2","","0"
"1717","Усть-Донецкий","47.6397","40.8664","3","RU","U235","2","","2"
"1715","Тарасовский","48.7292","40.3636","3","RU","T621","2","","2"
"1714","Таганрог","47.2333","38.9","3","RU","T256","2","","1"
"1713","Семикаракорск","47.5167","40.8","3","RU","S526","2","","1"
"1711","Ростов-на-Дону","47.2332","39.715","3","RU","R231","1","","1"
"1710","Родионово-Несветайская","47.6139","39.7008","3","RU","R351","2","","0"
"1707","Покровское","47.4164","38.8989","3","RU","P261","2","","0"
"1706","Песчанокопское","46.1961","41.0775","3","RU","P252","2","","3"
"1704","Обливская","48.5367","42.4942","3","RU","O141","2","","5"
"1703","Новошахтинск","47.7667","39.9167","3","RU","N123","2","","1"
"1700","Милютинская","48.6306","41.6708","3","RU","M423","2","","5"
"1699","Миллерово","48.9167","40.4","3","RU","M461","2","","1"
"1697","Матвеев Курган","47.5722","38.8667","3","RU","M311","2","","2"
"1696","Куйбышево","47.8183","38.9083","3","RU","K212","2","","0"
"1695","Красный Сулин","47.895","40.0679","3","RU","K625","2","","1"
"1694","Константиновск","47.5833","41.1","3","RU","K523","2","","1"
"1692","Кашары","49.0403","41.0025","3","RU","K260","2","","0"
"1690","Каменоломни","47.6687","40.2137","3","RU","K554","2","","0"
"1688","Кагальницкая","46.8819","40.1503","3","RU","K245","2","","5"
"1687","Зимовники","47.145","42.4667","3","RU","Z515","2","","2"
"1686","Зерноград","46.85","40.3","3","RU","Z652","2","","1"
"1683","Заветное","47.1172","43.8908","3","RU","Z135","2","","0"
"1681","Егорлыкская","46.55","40.65","3","RU","E264","2","","5"
"1680","Дубовское","47.4092","42.7575","3","RU","D112","2","","3"
"1678","Донецк","48.3369","39.9449","3","RU","D520","3","","1"
"1673","Волгодонск","47.519","42.1412","3","RU","V423","2","","1"
"1672","Вешенская","49.6272","41.7261","3","RU","V252","2","","5"
"1671","Большая Мартыновка","47.2763","41.6675","3","RU","B422","2","","0"
"1670","Боковская","49.2222","41.8336","3","RU","B212","2","","5"
"1669","Белая Калитва","48.1924","40.7738","3","RU","B422","2","","1"
"1664","Аксай","47.2669","39.8691","3","RU","A220","2","","1"
"1663","Азов","47.099","39.4386","3","RU","A210","2","","1"
"1752","Шацк","54.0333","41.7","3","RU","S200","4","","1"
"1746","Скопин","53.8167","39.55","3","RU","S150","3","","1"
"1744","Сараи","53.7219","40.9914","3","RU","S600","2","","2"
"1742","Рязань","54.6247","39.7386","3","RU","R225","1","","1"
"1735","Михайлов","54.2333","39.0333","3","RU","M241","2","","1"
"1733","Кораблино","53.9167","40.0167","3","RU","K614","2","","1"
"1785","Тольятти","53.5356","49.4096","4","RU","T423","2","","1"
"1784","Сызрань","53.1667","48.4667","4","RU","S265","4","","1"
"1781","Самара","53.2022","50.1596","4","RU","S560","1","","1"
"1775","Новокуйбышевск","53.1081","49.9209","4","RU","N122","2","","1"
"1771","Красноармейское","52.7228","50.0356","4","RU","K625","2","","3"
"1765","Исаклы","54.1344","51.5317","4","RU","I224","2","","3"
"1764","Зольное","53.4428","49.7975","4","RU","Z450","2","","3"
"1756","Богатое","53.0614","51.3331","4","RU","B230","2","","3"
"1831","Энгельс","51.4667","46.1167","4","RU","E524","2","","1"
"1830","Хвалынск","52.4833","48.1","4","RU","H145","2","","1"
"1827","Степное","51.3833","46.8432","4","RU","S315","2","","2"
"1826","Саратов","51.5333","46.0345","4","RU","S631","1","","1"
"1824","Ртищево","52.25","43.7833","4","RU","R321","3","","1"
"1821","Пугачев","52.0167","48.8","4","RU","P221","2","","1"
"1819","Петровск-Забайкальский район","52.3167","45.3833","4","RU","P361","3","","1"
"1805","Ершов","51.35","48.2833","4","RU","E621","2","","1"
"1801","Горный","51.75","48.85","4","RU","G652","2","","2"
"1795","Балаково","52.0211","47.8058","4","RU","B421","2","","1"
"1876","Якутск","62.0393","129.746","9","RU","J232","1","","1"
"1873","Черский","68.7519","161.331","9","RU","C622","2","","2"
"1871","Хандыга","62.6564","135.554","9","RU","H532","2","","2"
"1870","Усть-Нера","64.5681","143.236","9","RU","U235","2","","2"
"1865","Среднеколымск","67.45","153.7","9","RU","S635","2","","1"
"1861","Покровск","61.4765","129.125","9","RU","P261","2","","1"
"1855","Мирный","62.5308","113.976","9","RU","M652","3","","1"
"1853","Майя","61.7331","130.296","9","RU","M200","2","","3"
"1852","Ленск","60.7167","114.9","9","RU","L520","3","","1"
"1848","Жиганск","66.7819","123.368","9","RU","Z252","2","","3"
"1843","Верхоянск","67.55","133.383","9","RU","V625","4","","1"
"1841","Верхневилюйск","63.4506","120.298","9","RU","V651","2","","3"
"1832","Абый","68.3939","145.069","9","RU","A120","2","","3"
"1904","Южно-Сахалинск","46.9613","142.732","11","RU","J252","1","","1"
"1902","Шахтерск","49.15","142.1","11","RU","S362","4","","1"
"1898","Томари","47.7667","142.067","11","RU","T560","2","","1"
"1895","Поронайск","49.215","143.091","11","RU","P652","2","","1"
"1890","Курильск","45.25","147.883","11","RU","K642","4","","1"
"1886","Долинск","47.3167","142.8","11","RU","D452","2","","1"
"1975","Талица","57.0167","63.7167","5","RU","T420","2","","1"
"1971","Сухой Лог","56.896","62.0276","5","RU","S242","2","","0"
"1969","Сосьва","59.1719","61.8556","5","RU","S210","2","","2"
"1961","Первоуральск","56.923","59.9422","5","RU","P616","2","","1"
"1956","Нижняя Тура","58.6208","59.8478","5","RU","N252","3","","1"
"1955","Нижняя Салда","58.1306","60.9104","5","RU","N252","3","","1"
"1954","Нижний Тагил","57.9366","59.9772","5","RU","N252","2","","1"
"1940","Каменск-Уральский","56.4265","61.9085","5","RU","K552","2","","1"
"1933","Заречный","56.8005","61.3387","5","RU","Z625","3","","1"
"1930","Екатеринбург","56.8378","60.5968","5","RU","E236","1","","1"
"1925","Висим","57.65","59.4833","5","RU","V250","2","","2"
"1923","Верхняя Тура","58.3574","59.8224","5","RU","V652","4","","1"
"1919","Верхняя Пышма","56.967","60.5792","5","RU","V652","3","","1"
"1918","Верхний Тагил","57.3833","59.9333","5","RU","V652","4","","1"
"1916","Богданович","56.7803","62.0494","5","RU","B235","2","","1"
"1910","Асбест","57.0057","61.4697","5","RU","A212","3","","1"
"1907","Арамиль","56.7","60.8333","5","RU","A654","2","","1"
"1905","Алапаевск","57.85","61.7","5","RU","A411","3","","1"
"1983","Владикавказ","43.0312","44.6758","3","RU","V432","1","","1"
"2017","Ярцево","55.0667","32.6833","3","RU","J621","2","","1"
"2012","Сычевка","55.8333","34.2833","3","RU","S212","2","","1"
"2011","Смоленск","54.7811","32.0489","3","RU","S545","1","","1"
"2010","Сафоново","55.1","33.25","3","RU","S151","2","","1"
"2009","Рудня","54.95","31.0667","3","RU","R352","2","","1"
"2007","Починок","54.4","32.45","3","RU","P252","2","","1"
"2000","Ельня","54.5667","33.1667","3","RU","E452","2","","1"
"1998","Духовщина","55.2","32.4167","3","RU","D125","2","","1"
"1995","Демидов","55.2667","31.5167","3","RU","D531","2","","1"
"2054","Усть-Джегута","44.0928","41.9822","3","RU","U232","3","","1"
"2053","Теберда","43.45","41.75","3","RU","T163","4","","1"
"2051","Ставрополь","45.0391","41.9821","3","RU","S316","2","","1"
"2041","Невинномысск","44.6333","41.9336","3","RU","N155","2","","1"
"2039","Минеральные Воды","44.2142","43.1351","3","RU","M564","1","","1"
"2038","Лермонтов","44.1082","42.9597","3","RU","L655","3","","1"
"2036","Курсавка","44.46","42.4953","3","RU","K621","2","","3"
"2033","Кисловодск","43.923","42.7244","3","RU","K241","2","","1"
"2032","Карачаевск","43.7667","41.9","3","RU","K621","2","","1"
"25614","Первомайский","51.6675","115.626","9","RU","P615","2","","2"
"2026","Ессентуки","44.0498","42.8572","3","RU","E253","3","","1"
"2075","Тамбов","52.7211","41.4174","3","RU","T511","1","","1"
"2073","Сосновка","53.2369","41.3706","3","RU","S251","2","","2"
"2068","Первомайский","53.2425","40.2867","3","RU","P615","2","","2"
"2063","Котовск","52.5833","41.5","3","RU","K312","3","","1"
"2124","Чистополь","55.3667","50.6333","3","RU","C231","2","","1"
"2115","Нижнекамск","55.6333","51.8167","3","RU","N252","2","","1"
"2114","Набережные Челны","55.73","52.4332","3","RU","N162","2","","1"
"2113","Муслюмово","55.303","53.1961","3","RU","M242","2","","3"
"2112","Мензелинск","55.7167","53.0833","3","RU","M524","3","","1"
"2109","Лениногорск","54.5989","52.4423","3","RU","L552","2","","1"
"2104","Карабаш","55.4833","60.2","3","RU","K612","4","","1"
"2102","Казань","55.7965","49.1082","3","RU","K250","1","","1"
"2101","Зеленодольск","55.85","48.5167","3","RU","Z453","2","","1"
"2093","Бугульма","54.5333","52.7833","3","RU","B245","4","","1"
"2085","Альметьевск","54.8932","52.3462","3","RU","A453","2","","1"
"2167","Удомля","57.8833","35.0167","3","RU","U354","3","","1"
"2166","Торопец","56.5","31.6333","3","RU","T612","4","","1"
"2164","Тверь","56.8579","35.9238","3","RU","T160","1","","1"
"2163","Старица","56.5167","34.9333","3","RU","S362","2","","1"
"2159","Сандово","58.45","36.4","3","RU","S531","2","","2"
"2158","Ржев","56.2656","34.3276","3","RU","R210","2","","1"
"2155","Осташков","57.15","33.1","3","RU","O232","2","","1"
"2153","Нелидово","56.2167","32.7833","3","RU","N431","2","","1"
"2152","Молоково","58.1667","36.7667","3","RU","M421","2","","2"
"2148","Кувшиново","57.0333","34.1667","3","RU","K125","2","","1"
"2147","Красный Холм","58.05","37.0167","3","RU","K625","4","","1"
"2145","Кимры","56.8773","37.3429","3","RU","K560","2","","1"
"2143","Кашин","57.35","37.6167","3","RU","K250","2","","1"
"2138","Зубцов","56.1667","34.5833","3","RU","Z121","4","","1"
"2136","Западная Двина","56.2552","32.0834","3","RU","Z135","2","","1"
"2134","Вышний Волочек","57.5915","34.5564","3","RU","V252","3","","1"
"2133","Выползово","57.8775","33.6992","3","RU","V142","2","","2"
"2126","Бежецк","57.7833","36.7","3","RU","B220","3","","1"
"2188","Томск","56.464","84.9625","7","RU","T520","1","","1"
"2186","Северск","56.6","84.85","7","RU","S162","2","","1"
"2179","Колпашево","58.3167","82.9167","7","RU","K412","3","","1"
"2170","Асино","57","86.15","7","RU","A250","3","","1"
"2197","Туран","52.1446","93.9181","7","RU","T650","4","","1"
"2192","Кызыл","51.7219","94.4174","7","RU","K240","1","","1"
"2233","Щекино","54","37.5167","3","RU","S250","3","","1"
"2231","Тула","54.1967","37.6178","3","RU","T400","1","","1"
"2229","Советск","53.9369","37.6369","3","RU","S132","4","","1"
"2227","Одоев","53.9422","36.6997","3","RU","O310","2","","2"
"2226","Новомосковск","54.0796","38.2295","3","RU","N152","2","","1"
"2225","Лянтор","61.6167","72.1667","5","RU","L253","3","","1"
"2223","Куркино","53.4367","38.6697","3","RU","K625","2","","2"
"2213","Волово","53.5556","38.0222","3","RU","V410","2","","2"
"2212","Венев","54.35","38.2667","3","RU","V510","2","","1"
"2287","Тюмень","57.1549","65.5156","5","RU","T255","1","","1"
"2286","Тобольск","58.1841","68.2546","5","RU","T142","2","","1"
"2285","Тарко-Сале","64.9147","77.7728","5","RU","T622","3","","1"
"2284","Тазовский","67.45","78.7","5","RU","T212","2","","2"
"2280","Салехард","66.5333","66.6333","5","RU","S463","1","","1"
"2266","Надым","65.5333","72.5167","5","RU","N350","3","","1"
"2265","Муравленко","63.7944","74.4972","5","RU","M614","3","","1"
"2259","Лабытнанги","66.6581","66.3839","5","RU","L135","3","","1"
"2254","Казанское","55.6402","69.2262","5","RU","K252","2","","3"
"2252","Исетское","56.4833","65.35","5","RU","I232","2","","3"
"2247","Губкинский","64.4333","76.5","5","RU","G125","3","","1"
"2240","Белоярский","63.6941","66.6988","5","RU","B426","4","","1"
"2235","Абатский","56.2833","70.45","5","RU","A132","2","","3"
"2319","Ува","56.9797","52.1772","3","RU","U100","2","","2"
"2307","Ижевск","56.8426","53.2244","3","RU","I212","1","","1"
"2304","Дебесы","57.65","53.8167","3","RU","D120","2","","3"
"2348","Ульяновск","54.3215","48.3857","4","RU","U425","1","","1"
"2346","Сурское","54.4808","46.7186","4","RU","S620","2","","2"
"2345","Старая Майна","54.6089","48.9281","4","RU","S362","2","","2"
"2341","Павловка","52.6861","47.1375","4","RU","P141","2","","2"
"2336","Карсун","54.1989","46.9814","4","RU","K625","2","","2"
"2330","Димитровград","54.2236","49.6151","4","RU","D536","2","","1"
"2395","Чегдомын","51.1167","133","10","RU","C235","2","","2"
"2394","Хабаровск","48.4767","135.094","10","RU","H161","1","KHA","1"
"2392","Троицкое","49.4408","136.553","10","RU","T620","2","","3"
"2386","Облучье","49","131.05","10","RU","O142","2","","1"
"2385","Николаевск-на-Амуре","53.15","140.733","10","RU","N241","3","","1"
"2382","Комсомольск-на-Амуре","50.5382","137.017","10","RU","K525","2","","1"
"2370","Богородское","52.3719","140.437","10","RU","B263","2","","3"
"2364","Амурск","50.2258","136.907","10","RU","A562","3","","1"
"2398","Саяногорск","53.1","91.4","7","RU","S252","3","","1"
"2397","Абакан","53.7292","91.4612","7","RU","A125","1","","1"
"2435","Чесма","53.8111","60.65","5","RU","C250","2","","3"
"2434","Челябинск","55.1599","61.4026","5","RU","C421","1","","1"
"2433","Чебаркуль","54.9778","60.37","5","RU","C162","2","","1"
"2430","Уйское","54.375","60","5","RU","U200","2","","3"
"2428","Троицк","54.0833","61.5667","5","RU","T620","3","","1"
"2420","Миасс","55.0328","60.1219","5","RU","M200","2","","1"
"2419","Магнитогорск","53.4593","59.0826","5","RU","M253","2","","1"
"2418","Кыштым","55.7","60.55","5","RU","K235","3","","1"
"2416","Кунашак","55.7","61.55","5","RU","K522","2","","3"
"2414","Коркино","54.9136","61.4317","5","RU","K625","2","","1"
"2411","Касли","55.8833","60.75","5","RU","K240","2","","1"
"2408","Златоуст","55.1861","59.6461","5","RU","Z432","2","","1"
"2406","Верхний Уфалей","56.05","60.2333","5","RU","V652","3","","1"
"2405","Верхнеуральск","53.8833","59.2167","5","RU","V656","4","","1"
"2400","Аргаяш","55.4886","60.8772","5","RU","A622","2","","3"
"2491","Чита","52.0454","113.499","9","RU","C300","1","","1"
"2483","Петровск-Забайкальский","51.2833","108.833","9","RU","P361","3","","1"
"2469","Карымское","51.615","114.35","9","RU","K652","2","","2"
"2456","Балей","51.5833","116.633","9","RU","B420","2","","1"
"2514","Шумерля","55.5","46.4167","4","RU","S564","4","","1"
"2508","Новочебоксарск","56.1","47.4965","4","RU","N121","1","","1"
"2506","Мариинский Посад","56.1167","47.7167","4","RU","M652","4","","1"
"2500","Канаш","55.5167","47.5","4","RU","K520","3","","1"
"2494","Алатырь","54.85","46.5833","4","RU","A436","3","","1"
"2525","Ноябрьск","63.1757","75.4139","5","RU","N216","2","","1"
"2524","Новый Уренгой","66.0942","76.7025","5","RU","N126","3","","1"
"2551","Ярославль","57.6301","39.8656","3","RU","J624","1","","1"
"2550","Углич","57.5333","38.3333","3","RU","U242","2","","1"
"2548","Ермаково","58.05","38.8333","3","RU","E652","2","","0"
"2547","Ростов","57.1977","39.4067","3","RU","R231","2","","1"
"2544","Новый Некоуз","57.9018","38.0606","3","RU","N125","2","","3"
"5409","Гусиноозёрск","51.2833","106.517","8","RU","G252","3","","1"
"5431","Михайловское","51.8239","79.7172","7","RU","M241","2","","3"
"5437","Советское","52.2972","85.4167","7","RU","S132","2","","3"
"5443","Копьево","54.9908","89.8227","7","RU","K110","2","","3"
"5447","Таштып","52.7975","89.8936","7","RU","T231","2","","3"
"5448","Абаза","52.6517","90.0886","7","RU","A120","3","","1"
"5453","Зеленогорск","56.1","94.5833","7","RU","Z452","3","","1"
"5463","Озёрск","55.7558","60.7141","5","RU","O262","3","","1"
"5473","Трёхгорный","54.8","58.45","5","RU","T626","3","","1"
"5495","Обь","54.9953","82.6928","7","RU","O100","3","","1"
"5519","Харп","66.8069","65.8033","5","RU","H610","2","","2"
"5546","им. Полины Осипенко","52.4198","136.498","10","RU","I514","2","","2"
"5547","Солнечный","50.7167","136.633","10","RU","S452","2","","2"
"5556","Эгвекинот","66.3167","-179.117","12","RU","E212","2","","2"
"5571","Добринка","52.1631","40.4661","3","RU","D165","2","","2"
"5573","Волово","52.0189","37.8819","3","RU","V410","2","","4"
"5587","Орёл","52.9685","36.0695","3","RU","O640","1","","1"
"5594","Тёплое","53.6108","37.5942","3","RU","T140","2","","2"
"5598","Лежнево","56.7667","40.8833","3","RU","L251","2","","2"
"5599","Парфеньево","58.4822","43.4092","3","RU","P615","2","","3"
"5804","Спасск","53.9333","43.1833","3","RU","S120","2","","1"
"5807","Новоульяновск","54.15","48.3833","4","RU","N142","3","","1"
"5808","Болгар","54.9667","49.0333","3","RU","B426","4","","1"
"5823","Лагань","45.3925","47.355","3","RU","L250","2","","1"
"5825","Садовое","47.7736","44.5128","3","RU","S310","2","","3"
"5828","Знаменск","48.5833","45.75","4","RU","Z555","3","","1"
"5832","Успенское","44.835","41.3839","3","RU","U215","2","","0"
"5833","Ленинградская","46.3222","39.3956","3","RU","L552","2","","0"
"5834","Новопокровская","45.95","40.6833","3","RU","N112","2","","0"
"5835","Белая Глина","46.0833","40.85","3","RU","B422","2","","3"
"5836","Брюховецкая","45.8008","39.0042","3","RU","B621","2","","5"
"5837","Полтавская","45.3667","38.2117","3","RU","P431","2","","5"
"5839","Кавказская","45.4333","40.6667","3","RU","K122","2","","5"
"5840","Новокубанск","45.1","41.05","3","RU","N121","2","","1"
"5851","Багаевская","47.3167","40.3833","3","RU","B212","2","","5"
"5853","Романовская","47.5433","42.0275","3","RU","R551","2","","0"
"5867","Кошехабль","44.9","40.4833","3","RU","K214","2","","0"
"5868","Тахтамукай","44.9172","38.9961","3","RU","T352","2","","0"
"5871","Красногвардейское","45.1167","39.5667","3","RU","K625","2","","3"
"5874","Курская","44.0422","44.453","3","RU","K622","2","","5"
"5887","Смидович","48.5997","133.797","10","RU","S531","2","","2"
"5892","Знаменское","43.6788","45.1237","3","RU","Z555","2","","3"
"5901","Итум-Кале","42.735","45.5769","3","RU","I352","2","","3"
"5904","Магас","43.1667","44.8167","4","RU","M220","1","","1"
"5911","Преградная","43.9494","41.1871","3","RU","P626","2","","5"
"8069","Веселый","47.0847","40.7375","3","RU","V242","2","","0"
"8092","Ермолино","55.2056","36.57","3","RU","E654","4","","1"
"8190","Панковка","58.5","31.2083","3","RU","P521","2","","2"
"8200","Пикалево","59.5167","34.1667","3","RU","P241","3","","1"
"8216","Разумное","50.5414","36.7028","3","RU","R250","2","","2"
"8391","Балаклава","44.5","33.6","3","RU","B424","3","","1"
"13357","Горно-Алтайск","51.9581","85.9713","7","RU","G654","1","","3"
"13691","Нефтеюганск","61.1023","72.604","5","RU","N132","2","","1"
"13692","Нижневартовск","60.948","76.5558","5","RU","N251","2","","1"
"13696","Сургут","61.2572","73.401","5","RU","S623","2","","1"
"13697","Урай","60.1333","64.7833","5","RU","U620","3","","1"
"13699","Ханты-Мансийск","61.0008","69.0062","5","RU","H535","1","","1"
"13741","Грозный","43.3098","45.6704","3","RU","G625","1","","1"
"13770","Армянск","46.1072","33.6933","3","RU","A652","3","","1"
"13772","Бахчисарай","44.7528","33.8608","3","RU","B226","2","","1"
"13773","Белогорск","45.0544","34.6022","3","RU","B426","3","","1"
"13775","Джанкой","45.7086","34.3933","3","RU","D252","3","","1"
"13776","Евпатория","45.2","33.3583","3","RU","E136","2","","1"
"13777","Керчь","45.3386","36.4681","3","RU","K620","2","","1"
"13780","Красноперекопск","45.9675","33.8003","3","RU","K625","3","","1"
"13783","Первомайское","45.1152","34.0625","3","RU","P615","2","","2"
"13785","Саки","45.1322","33.5996","3","RU","S200","3","","1"
"13787","Симферополь","44.9521","34.1024","3","RU","S516","1","","1"
"13789","Судак","44.8505","34.9762","3","RU","S320","3","","1"
"13793","Щёлкино","45.4236","35.8186","3","RU","S425","4","","1"
"1597759","Белово","54.4221","86.3035","7","RU","B410","3","","1"
"26562","Шовгеновский","45.02","40.23","3","RU","S125","2","","0"
"25313","Александровское","44.7153","42.9979","3","RU","A425","2","","3"
"26140","Хвойный","55.11","73.5805","6","RU","H125","2","","2"
"26157","Белая Гора","57.3914","56.2273","5","RU","B422","2","","4"
"27272","Марково","55.3966","78.0351","7","RU","M621","2","","4"
"29196","Учалы","54.3","59.45","5","RU","G632","0","","1"
"29515","Боготол","56.2","89.5167","7","RU","G631","0","","1"
"29700","Шахунья","57.6667","46.6167","3","RU","S520","2","","1"
"30196","Волово","54.8322","75.9096","7","RU","V410","2","","4"
"1554693","Отрадное","59.7726","30.7988","3","RU","O363","3","","1"
"30327","Цивильск","55.8667","47.4667","4","RU","G632","0","","1"
"30542","Болгар","54.9667","49.0333","3","RU","G631","0","","1"
"30580","Отрадное","55.8736","37.3167","3","RU","O363","2","","0"
"30867","Северный","46.6747","39.575","3","RU","S165","2","","2"
"31008","Миасс","53.7499","84.9032","7","RU","M200","0","","1"
"1554705","Кохма","56.9325","41.0932","3","RU","K500","3","","1"
"96362","Холм","57.15","31.1833","3","RU","H450","2","","1"
"100379","Зарайский","54.6888","39.008","3","RU","Z622","2","","2"
"102690","Давыдково","56.284","36.8219","3","RU","D132","2","","0"
"102902","Красавино","60.9667","46.4667","3","RU","K621","4","","1"
"107591","Зюзино","55.6798","38.1183","3","RU","Z250","2","","3"
"114608","Бирюч","50.65","38.4","3","RU","B622","2","","1"
"1554682","Куровское","55.5791","38.9209","3","RU","K612","3","","1"
"115237","Шебекино","50.4167","36.9","3","RU","S125","2","","1"
"119631","Верещагино","58.0667","54.65","3","RU","V622","3","","1"
"121491","Остров","57.3333","28.35","3","RU","O236","3","","1"
"122349","Иваново","57","41","3","RU","I151","2","","1"
"123646","Иваново","57","41","3","RU","I151","2","","1"
"125299","Иваново","57","41","3","RU","I151","2","","1"
"125490","Остров","57.3333","28.35","3","RU","O236","3","","1"
"127806","Александрия","44.1479","47.1902","3","RU","A425","0","","1"
"128900","Остров","57.3333","28.35","3","RU","O236","3","","1"
"129721","Верещагино","58.0667","54.65","3","RU","V622","3","","1"
"130416","Верещагино","58.0667","54.65","3","RU","V622","3","","1"
"130513","Остров","57.3333","28.35","3","RU","O236","3","","1"
"132543","Приморский","54.957","20.4659","2","RU","P656","4","","1"
"133965","Остров","57.3333","28.35","3","RU","O236","3","","1"
"134047","Остров","57.3333","28.35","3","RU","O236","3","","1"
"139307","Иваново","57","41","3","RU","I151","2","","1"
"139497","Мытищи","55.9167","37.7333","3","RU","M320","2","","1"
"145632","Новая Ладога","60.106","32.309","3","RU","N124","4","","1"
"145866","Приморск","60.3667","28.6333","3","RU","P656","4","","1"
"146423","Иваново","57","41","3","RU","I151","2","","1"
"148068","Верещагино","58.0667","54.65","3","RU","V622","3","","1"
"151956","Руза","55.9047","35.7212","3","RU","R200","2","","1"
"152838","Егорьевск","55.3851","39.0323","3","RU","E261","3","","1"
"153456","Ясенево","56.3691","36.7802","3","RU","J251","2","","0"
"1554673","Красногорск","55.8167","37.3333","3","RU","K625","2","","1"
"1554671","Протвино","54.8706","37.2183","3","RU","P631","3","","1"
"1554670","Воскресенск","55.3233","38.6806","3","RU","V262","2","","1"
"1554672","Пушкино","56.0167","37.85","3","RU","P225","2","","1"
"154896","Люблино","54.8334","38.5055","3","RU","L214","2","","0"
"154993","Верещагино","58.0667","54.65","3","RU","V622","3","","1"
"155732","Иваново","57","41","3","RU","I151","2","","1"
"158434","Иваново","57","41","3","RU","I151","2","","1"
"161541","Ахтырка","52.3021","36.9175","3","RU","A362","0","","1"
"163597","Сурск","53.076","45.6911","3","RU","S620","4","","1"
"165180","Иваново","57","41","3","RU","I151","2","","1"
"167200","Иваново","57","41","3","RU","I151","2","","1"
"168957","Иваново","57","41","3","RU","I151","2","","1"
"171113","Иваново","57","41","3","RU","I151","2","","1"
"177695","Шиханы","52.1148","47.2023","4","RU","S500","4","","1"
"178274","Винница","51.4644","44.3037","4","RU","V520","0","","1"
"179644","Иваново","57","41","3","RU","I151","2","","1"
"180337","Иваново","57","41","3","RU","I151","2","","1"
"182495","Иваново","57","41","3","RU","I151","2","","1"
"189915","Остров","57.3333","28.35","3","RU","O236","3","","1"
"191717","Остров","57.3333","28.35","3","RU","O236","3","","1"
"192088","Иваново","57","41","3","RU","I151","2","","1"
"195290","Остров","57.3333","28.35","3","RU","O236","3","","1"
"197205","Липки","53.95","37.7","3","RU","L120","4","","1"
"197963","Чекалин","54.1","36.25","3","RU","C245","4","","1"
"199124","Иваново","57","41","3","RU","I151","2","","1"
"202308","Нагайбакский","53.5468","59.5277","5","RU","N221","2","","2"
"204685","Мытищи","55.9167","37.7333","3","RU","M320","2","","1"
"206158","Иваново","57","41","3","RU","I151","2","","1"
"207698","Верещагино","58.0667","54.65","3","RU","V622","3","","1"
"208507","Верещагино","58.0667","54.65","3","RU","V622","3","","1"
"208586","Иваново","57","41","3","RU","I151","2","","1"
"1554668","Щёлково","55.9209","37.9916","3","RU","S421","2","","1"
"212972","Курлово","55.4563","40.6134","3","RU","K641","4","","1"
"213038","Верещагино","58.0667","54.65","3","RU","V622","3","","1"
"213321","Иваново","57","41","3","RU","I151","2","","1"
"213780","Костерево","55.9311","39.6219","3","RU","K236","4","","1"
"215924","Салаир","54.2358","85.8099","7","RU","S460","4","","1"
"217227","Казань","55.7908","49.1144","3","RU","K250","1","","0"
"219357","Верещагино","58.0667","54.65","3","RU","V622","3","","1"
"219696","Казань","55.7908","49.1144","3","RU","K250","1","","0"
"220670","Иваново","57","41","3","RU","I151","2","","1"
"224847","Иваново","57","41","3","RU","I151","2","","1"
"232856","Березники","59.4081","56.8053","5","RU","B625","2","","1"
"236934","Томмот","58.9637","126.273","9","RU","T530","4","","1"
"237948","Прохладный","56.7502","60.9396","7","RU","P643","0","","1"
"240320","Уфа","54.7333","55.9667","5","RU","U100","1","","0"
"240818","Таволжан","55.344","70.1588","5","RU","T142","1","","0"
"304075","Центральный","43.6394","39.7492","3","RU","C536","2","","0"
"1616855","Краснодар","45.0184","38.966","3","RU","K625","2","","1"
"1616853","Красноярск","55.9834","92.8461","7","RU","K625","1","","1"
"1616856","Калуга","54.5154","36.2541","3","RU","K420","2","","1"
"1361838","Свободный","51.3772","128.118","9","RU","S113","3","","1"
"1617191","Струнино","56.3833","38.5667",null,"RU","S365","0","","1"
"1359586","Старый Крым","45.0292","35.09","3","RU","S362","4","","1"
"247","Камень-на-Оби","53.7919","81.3486","7","RU","K551","3","","1"
"1554669","Лосино-Петровский","55.8722","38.201","3","RU","L251","3","","1"
"1517685","Серпухов","54.9135","37.4168","3","RU","S611","2","","1"
"1554643","Белово","54.4221","86.3037","7","RU","B410","3","","1"
"1399554","Казань","55.7908","49.1144","3","RU","K250","1","","0"
"1617173","Сибай","52.7189","58.677","5","RU","S120","3","","1"
"1617172","Сибай","52.7181","58.6658","5","RU","S120","3","","1"
"1597811","Березники","59.4387","56.8982","5","RU","B625","2","","1"
"1414606","Свобода","50.9792","39.4942","3","RU","S113","3","","1"
"1554680","Истра","55.9143","36.8603","3","RU","I236","3","","1"
"1554645","Верхотурье","58.8622","60.8102","5","RU","V636","0","","1"
"1414863","Комаровский","51.0058","59.9101","0","RU","K561","0","","1"
"1554631","Павлово","55.9619","43.09","3","RU","P141","2","","1"
"1414898","Волгоград","49.41","44.8823","3","RU","V422","1","","1"
"1554679","Звенигород","55.7297","36.8553","3","RU","Z152","3","","1"
"1554629","Вельск","61.0667","42.1","3","RU","V420","2","","1"
"1517677","Мытищи","55.901","37.7397","3","RU","M320","2","","1"
"1534315","Иваново","55.3797","39.2263","3","RU","I151","2","","4"
"1552557","Заводской","48.4031","40.28","3","RU","Z132","3","","1"
"1552558","Каменск-Шахтинский","48.3205","40.2689","3","RU","K552","3","","1"
"1552955","Черкесск","44.2269","42.0468","3","RU","C622","1","","1"
"1553686","Назрань","43.2257","44.7646","3","RU","N265","2","","1"
"515","Владимир","56.1277","40.4076","3","RU","V435","1","","1"
"1052","Новороссийск","44.7529","37.7683","3","RU","N162","2","","1"
"1056","Северская","44.85","38.6667","3","RU","S162","2","","5"
"1287","Кола","68.8831","33.0219","3","RU","K400","4","","1"
"1334","Дзержинск","56.2354","43.4453","3","RU","D262","2","","1"
"1544","Пенза","53.2009","45.0104","3","RU","P520","1","","1"
"1702","Новочеркасск","47.422","40.092","3","RU","N126","2","","1"
"1949","Кушва","58.2886","59.7553","5","RU","K210","3","","1"
"8415","Инкерман","44.6142","33.6083","3","RU","I526","4","","1"
"13768","Алупка","44.4197","34.0431","3","RU","A412","4","","1"
"13786","Севастополь","44.6","33.5333","3","RU","S123","1","","1"
"13794","Ялта","44.4994","34.1553","3","RU","J430","3","","1"
"1554691","Высоцк","60.6253","28.568","3","RU","V162","0","","1"
"30889","Петергоф","59.8833","29.9","3","RU","P362","3","","1"
"1554692","Коммунар","59.6216","30.3935","3","RU","K556","3","","1"
"1041","Краснодар","45.0421","38.9806","3","RU","K625","1","","1"
"1554636","Петровск","52.2261","45.3672","4","RU","P361","2","","1"
"137","Старая Купавна","55.8069","38.1789","3","RU","S362","3","","1"
"122","Раменское","55.5654","38.2369","3","RU","R552","2","","1"
"64","Королев","55.9444","37.8647","3","RU","K641","2","","1"
"1554664","Рыбинск","58.05","38.8333","3","RU","R152","2","","1"
"1554665","Радужный","55.9961","40.3323","3","RU","R325","3","","1"
"1554666","Химки","55.8892","37.445","3","RU","H520","2","","1"
"1554683","Лобня","56.0121","37.4751","3","RU","L152","3","","1"
"1554685","Талдом","56.7308","37.5276","3","RU","T435","0","","1"
"1554686","Троицк","55.467","37.3","3","RU","T620","3","","1"
"1554754","Радужный","62.1343","77.4584","5","RU","R325","3","","1"
"1563058","Котово","50.3167","44.8","3","RU","K310","3","","1"
"1591953","Раменское","55.5669","38.2303","3","RU","B652","2","","1"
"1591987","Одинцово","55.6769","37.2731","3","RU","O352","2","","1"
"1592095","Конаково","56.7","36.7667","3","RU","K521","3","","1"
"1592107","Красный Холм","58.0514","37.1186","3","RU","K625","0","","1"
"1592672","Бугуруслан","53.65","52.4333","5","RU","B262","3","","1"
"1592694","Гусь-Хрустальный","55.6167","40.6667","3","RU","G262","3","","1"
"1592770","Березники","59.4081","56.8053","5","RU","B625","2","","1"
"1592788","Сухой Лог","56.9144","62.0264","5","RU","S242","3","","1"
"1592803","Сургут","61.25","73.4167","5","RU","J252","0","","1"
"1592810","Новый Уренгой","66.0833","76.6333","5","RU","N126","2","","1"
"1592936","Гусиноозерск","51.2833","106.5","8","RU","G252","3","","1"
"1592966","Краснокаменск","50.05","118.017","9","RU","K625","3","","1"
"1593004","Советская Гавань","48.9667","140.3","10","RU","S132","3","","1"
"1596475","Белоярский","63.716","66.6676","5","RU","B426","3","","1"
"1598036","Казань","55.7907","49.115","3","RU","K250","1","","1"
"1608634","Пенза","53.2143","45.0033","3","RU","P520","2","","1"
"1613474","Дербент","42.0692","48.2958","3","RU","D615","2","","1"
"1616731","Ревда","56.8","59.9167","5","RU","R130","3","","1"
"1616958","Нижний Новгород","56.3287","44.002","3","RU","N255","4","","1"
"1616966","Yaroslavl","57.6662","39.6851","3","RU","Y624","1","","0"
"1617013","Дзержинский","55.6343","37.8583","3","RU","D262","3","","1"
"1617037","Королёв","55.9177","37.8089","3","RU","K641","2","","1"
"1617038","Тюмень","57.1","65.76","5","RU","T255","2","","1"
"1617094","Пятигорск","44.0256","43.0503","3","RU","P232","2","","1"
"1617139","Сочи","43.5997","39.7293","3","RU","S200","2","","1"
"1617144","Бежецк","57.7814","36.6925","3","RU","B220","3","","1"
"1617148","Сходня","55.9017","37.4375","3","RU","S352","1","","0"
"1617976","Лысьва","58.1086","57.8053","5","RU","L210","3","","1"
"1617977","Лысьва","58.1062","57.7965","5","RU","L210","3","","1"
"1618007","Елец","52.6188","38.52","3","RU","E420","4","","1"
"1618066","Ельня","54.5723","33.1886","3","RU","Y450","2","","0"
"1619475","Сызрань","53.1731","48.4744","4","RU","S265","2","","1"
"1619476","Сызрань","53.1614","48.4696","4","RU","S265","2","","1"
"1619491","Туймазы","54.6","53.7",null,"RU","T252","0","","1"
"1619571","Пушкин","59.7223","30.4157","3","RU","P225","2","","1"
"1619802","Нижняя Салда","58.0728","60.7242",null,"RU","N252","0","","1"
"1620426","Долгопрудный","55.9372","37.5153","3","RU","D421","2","","1"
"1622339","Похвистнево","53.4161","52.0526","4","RU","P123","3","","1"
"1623411","Прогресс","49.7447","129.684",null,"RU","P626","0","","1"
"1624269","Бронницы","55.4188","38.2738",null,"RU","B652","0","","1"
"1624285","Санкт-Петербург","59.885","29.8958","3","RU","S523","1","","1"
"1624393","Медведево","56.6362","47.8089",null,"RU","M313","0","","1"
"1624592","Московский","55.5991","37.3549",null,"RU","M212","0","","1"
